Eesnimi,Perenimi,Kasutajatunnus,Osakond,Parool,Staatus
Jaan,Tamm,jaan.tamm,OPETAJAD,Passw0rd!,True
Mari,Kask,mari.kask,OPETAJAD,Passw0rd!,True
Jüri,Ratas,juri.ratas,OPETAJAD,Passw0rd!,True
Piret,Pärn,piret.parn,OPETAJAD,Passw0rd!,True
Kalle,Kuusk,kalle.kuusk,OPETAJAD,Passw0rd!,True
Tiina,Tuul,tiina.tuul,OPETAJAD,Passw0rd!,True
Marek,Mägi,marek.magi,OPETAJAD,Passw0rd!,True
Ene,Lepp,ene.lepp,OPETAJAD,Passw0rd!,True
Andres,Oja,andres.oja,OPETAJAD,Passw0rd!,True
Kadri,Kivi,kadri.kivi,OPETAJAD,Passw0rd!,True
Kevin,Karu,kevin.karu,OPILASED,Passw0rd!,True
Liis,Lepik,liis.lepik,OPILASED,Passw0rd!,True
Markus,Meri,markus.meri,OPILASED,Passw0rd!,True
Sandra,Saar,sandra.saar,OPILASED,Passw0rd!,True
Rasmus,Raud,rasmus.raud,OPILASED,Passw0rd!,True
Laura,Lind,laura.lind,OPILASED,Passw0rd!,True
Karl,Kallas,karl.kallas,OPILASED,Passw0rd!,True
Anette,Aas,anette.aas,OPILASED,Passw0rd!,True
Mihkel,Mets,mihkel.mets,OPILASED,Passw0rd!,True
Sille,Sild,sille.sild,OPILASED,Passw0rd!,True
Tanel,Tehnika,tanel.tehnika,IT,Passw0rd!,True
Igor,Info,igor.info,IT,Passw0rd!,True
Teet,Tarkvara,teet.tarkvara,IT,Passw0rd!,True
Eve,Eeskuju,eve.eeskuju,STAFF,Passw0rd!,True
Mait,Majandus,mait.majandus,STAFF,Passw0rd!,True
Siim,Sekretär,siim.sekretar,STAFF,Passw0rd!,True
Heli,Haldus,heli.haldus,STAFF,Passw0rd!,True
Urmas,Uurija,urmas.uurija,STAFF,Passw0rd!,True
Rita,Raamatupidaja,rita.raamatupidaja,STAFF,Passw0rd!,True
Kaja,Korraldaja,kaja.korraldaja,STAFF,Passw0rd!,True
Anti,Abi,anti.abi,STAFF,Passw0rd!,True
Toomas,Tugi,toomas.tugi,STAFF,Passw0rd!,True
Peeter,Personal,peeter.personal,STAFF,Passw0rd!,True
Artur,Auto,artur.auto,TOOTAJAD,Passw0rd!,True
Betti,Bensiin,betti.bensiin,TOOTAJAD,Passw0rd!,True
Cadi,Cehh,cadi.cehh,TOOTAJAD,Passw0rd!,True
Doris,Detail,doris.detail,TOOTAJAD,Passw0rd!,True
Erik,Elekter,erik.elekter,TOOTAJAD,Passw0rd!,True
Feliks,Frees,feliks.frees,TOOTAJAD,Passw0rd!,True
Gunnar,Garaaz,gunnar.garaaz,TOOTAJAD,Passw0rd!,True
Hannes,Haamer,hannes.haamer,TOOTAJAD,Passw0rd!,True
Indrek,Iste,indrek.iste,TOOTAJAD,Passw0rd!,True
Janek,Juhe,janek.juhe,TOOTAJAD,Passw0rd!,True
Kristo,Kruvi,kristo.kruvi,TOOTAJAD,Passw0rd!,True
Lembit,Lukk,lembit.lukk,TOOTAJAD,Passw0rd!,True
Madis,Masin,madis.masin,TOOTAJAD,Passw0rd!,True
Nelli,Nool,nelli.nool,TOOTAJAD,Passw0rd!,True
Olev,Ots,olev.ots,TOOTAJAD,Passw0rd!,True
Paul,Puur,paul.puur,TOOTAJAD,Passw0rd!,True
Raimo,Rull,raimo.rull,TOOTAJAD,Passw0rd!,True
